1,LCSW Case Manager,Active,Medicare
2,SA V-Clinical Support,Active,Medicare
3,CM Lead Care Manager RN,Active,Medicare
4,Community Social Worker,Active,Medicare
5,Care Manager RN,Active,Medicare
6,TU Case Manager RN,Active,Medicare
7,Pharmacist-Clinical Pharmacy,Active,Medicare
8,Dietician,Active,Medicare
9,Manager-Case Management RN,Active,Commercial
10,CDCES,Active,Commercial
11,Dietitian,Active,Commercial
12,Health Coach,Active,Commercial
13,RT,Active,Commercial
14,Manager-Community Health,Active,Commercial
15,FBM Care Team Lead,Active,Commercial
16,Community Health Assoc,Active,Commercial
17,Manager-Readmission Prevention,Active,Commercial
18,Manager-Quality&Compliance RN,Active,Commercial
19,Analyst lll-Business Support,Active,Commercial
20,Medication Recon RN,Active,Commercial
21,Patient Engagement Assoc,Active,Commercial
22,Patient Discharge Assoc,Active,Commercial
23,Clinical Programs Auditor RN,Active,Commercial
24,Manager-Clinical Support,Active,Commercial
25,Patient Engagement Assoc,Active,Commercial
26,Patient Discharge Assoc,Active,Commercial
27,Manager-Behavioral Health,Active,Commercial
